order_id,order_date,product_id,category,sales
US-2019-103471,24-12-2022,FUR-BO-10002613,Furniture,590.058
US-2019-103471,24-12-2022,OFF-AR-10003405,Office Supplies,14.04
CA-2021-136672,07-03-2024,TEC-AC-10004510,Technology,49.08
US-2018-157021,01-04-2021,OFF-LA-10002312,Office Supplies,29.6
US-2018-157021,01-04-2021,OFF-BI-10000042,Office Supplies,17.088
CA-2019-120362,14-09-2022,FUR-TA-10003008,Furniture,912.75
CA-2018-126361,04-08-2021,OFF-AP-10003590,Office Supplies,1089.75
CA-2018-126361,04-08-2021,OFF-PA-10000806,Office Supplies,447.84
CA-2018-126361,04-08-2021,OFF-AR-10000896,Office Supplies,16.4
CA-2018-126361,04-08-2021,TEC-PH-10002310,Technology,399.96
CA-2018-161508,12-07-2021,OFF-PA-10001804,Office Supplies,16.032
CA-2018-126361,04-08-2021,OFF-ST-10002289,Office Supplies,158.9
CA-2018-126361,04-08-2021,OFF-BI-10002852,Office Supplies,13.184
US-2020-100566,03-09-2023,FUR-FU-10003394,Furniture,83.952
US-2020-108504,05-02-2023,OFF-ST-10002344,Office Supplies,80.98
US-2020-108504,05-02-2023,OFF-PA-10001289,Office Supplies,348.84
US-2020-108504,05-02-2023,OFF-FA-10000053,Office Supplies,9.45
US-2020-108504,05-02-2023,FUR-FU-10004091,Furniture,18.84
CA-2019-142937,05-12-2022,OFF-AR-10003582,Office Supplies,45.04
US-2020-149790,26-09-2023,OFF-BI-10002026,Office Supplies,15.624
CA-2020-130778,19-11-2023,OFF-AP-10000595,Office Supplies,8.74
CA-2020-130778,19-11-2023,OFF-PA-10001509,Office Supplies,44.75
CA-2018-110555,11-04-2021,TEC-PH-10000586,Technology,105.584
CA-2021-147207,02-01-2024,OFF-AR-10001955,Office Supplies,31.744
US-2018-120236,03-09-2021,OFF-BI-10004099,Office Supplies,7.68
CA-2020-153269,09-03-2023,OFF-ST-10004634,Office Supplies,11.21
CA-2020-153269,09-03-2023,FUR-CH-10002647,Furniture,354.9
CA-2020-153269,09-03-2023,OFF-PA-10001801,Office Supplies,17.94
CA-2020-153269,09-03-2023,OFF-BI-10004632,Office Supplies,51.8
CA-2020-101469,02-07-2023,OFF-AR-10003986,Office Supplies,7.7
CA-2018-153087,27-12-2021,OFF-PA-10001243,Office Supplies,23.92
CA-2018-153087,27-12-2021,TEC-AC-10003198,Technology,498
CA-2018-161634,14-11-2021,OFF-PA-10002262,Office Supplies,32.4
CA-2020-132549,25-11-2023,OFF-ST-10001325,Office Supplies,73.36
US-2018-155544,21-03-2021,OFF-LA-10004544,Office Supplies,59.2
US-2018-155544,21-03-2021,FUR-FU-10001473,Furniture,32.952
CA-2020-154067,01-02-2023,OFF-PA-10002254,Office Supplies,105.52
US-2018-155544,21-03-2021,FUR-CH-10000422,Furniture,218.376
US-2019-115238,30-04-2022,FUR-FU-10002960,Furniture,31.4
US-2019-115238,30-04-2022,FUR-FU-10002445,Furniture,9.48
US-2019-115238,30-04-2022,TEC-PH-10001300,Technology,209.5
US-2019-115238,30-04-2022,FUR-FU-10001025,Furniture,24.3
US-2019-115238,30-04-2022,OFF-PA-10002689,Office Supplies,6.48
CA-2020-163174,26-08-2023,FUR-FU-10000308,Furniture,186.54
CA-2018-110555,11-04-2021,OFF-ST-10000876,Office Supplies,87.08
CA-2018-110555,11-04-2021,TEC-AC-10003399,Technology,217.44
CA-2021-147207,02-01-2024,OFF-AP-10000027,Office Supplies,5.432
CA-2019-110814,05-12-2022,OFF-PA-10004156,Office Supplies,22.68
CA-2021-147207,02-01-2024,FUR-TA-10002958,Furniture,913.43
CA-2021-147207,02-01-2024,OFF-ST-10002615,Office Supplies,372.144
CA-2021-157273,30-01-2024,TEC-PH-10002275,Technology,604.768
CA-2018-109918,07-09-2021,OFF-SU-10004290,Office Supplies,27.36
CA-2018-109918,07-09-2021,OFF-PA-10000174,Office Supplies,20.56
CA-2018-109918,07-09-2021,OFF-BI-10004308,Office Supplies,83.92
CA-2020-118745,11-06-2023,FUR-TA-10003473,Furniture,902.712
CA-2020-163972,17-10-2023,FUR-BO-10003894,Furniture,120.666
CA-2018-165393,27-12-2021,OFF-BI-10001658,Office Supplies,4.984
CA-2020-113726,24-11-2023,FUR-FU-10003535,Furniture,82.26
CA-2020-152940,10-11-2023,OFF-ST-10000352,Office Supplies,29.74
CA-2019-158701,05-01-2022,OFF-AP-10004859,Office Supplies,87.36
CA-2019-158701,05-01-2022,OFF-BI-10001294,Office Supplies,56.16
CA-2019-162964,12-11-2022,OFF-PA-10003349,Office Supplies,15.552
CA-2020-145135,26-11-2023,OFF-PA-10004285,Office Supplies,13.36
CA-2018-152254,30-06-2021,OFF-PA-10001144,Office Supplies,310.688
CA-2019-162964,12-11-2022,OFF-ST-10002344,Office Supplies,64.784
CA-2019-162964,12-11-2022,OFF-EN-10003055,Office Supplies,223.888
CA-2018-103527,09-09-2021,OFF-PA-10001622,Office Supplies,10.896
CA-2020-134544,17-03-2023,TEC-PH-10003800,Technology,84.784
CA-2020-163048,08-02-2023,FUR-CH-10001270,Furniture,241.5
CA-2020-145135,26-11-2023,TEC-AC-10003447,Technology,59.97
CA-2019-149601,28-05-2022,OFF-ST-10001558,Office Supplies,16.24
CA-2019-149601,28-05-2022,OFF-ST-10001328,Office Supplies,77.55
CA-2018-139423,01-11-2021,OFF-AP-10004708,Office Supplies,76.12
CA-2020-102596,27-12-2023,OFF-FA-10000621,Office Supplies,17.184
CA-2020-142594,01-12-2023,TEC-PH-10000193,Technology,137.94
CA-2020-142594,01-12-2023,FUR-FU-10002045,Furniture,111.15
CA-2020-159765,09-05-2023,OFF-AR-10003514,Office Supplies,27.86
CA-2020-147109,17-12-2023,OFF-PA-10001972,Office Supplies,51.84
CA-2020-142594,01-12-2023,OFF-AP-10002945,Office Supplies,901.95
CA-2020-142594,01-12-2023,FUR-TA-10001095,Furniture,366.009
CA-2019-133837,13-04-2022,OFF-ST-10000344,Office Supplies,10.744
CA-2019-110814,05-12-2022,OFF-BI-10002026,Office Supplies,232.4
CA-2019-110814,05-12-2022,FUR-CH-10003535,Furniture,164.646
CA-2019-134082,11-12-2022,OFF-BI-10004230,Office Supplies,110.528
CA-2020-130820,15-11-2023,FUR-TA-10001768,Furniture,630.024
CA-2021-132290,10-03-2024,FUR-TA-10002228,Furniture,933.408
CA-2020-147109,17-12-2023,TEC-AC-10002942,Technology,165.6
CA-2020-111682,17-06-2023,FUR-CH-10003968,Furniture,319.41
CA-2020-111682,17-06-2023,OFF-BI-10001460,Office Supplies,48.48
CA-2020-111682,17-06-2023,OFF-AR-10001868,Office Supplies,1.68
CA-2020-137652,28-08-2023,OFF-BI-10004099,Office Supplies,18.432
CA-2019-128356,02-10-2022,OFF-SU-10004290,Office Supplies,10.944
CA-2020-118129,19-12-2023,FUR-FU-10004904,Furniture,303.92
US-2018-113124,30-03-2021,OFF-ST-10001511,Office Supplies,129.3
US-2018-127635,14-09-2021,OFF-FA-10000053,Office Supplies,6.048
US-2018-127635,14-09-2021,OFF-PA-10004610,Office Supplies,6.848
US-2018-127635,14-09-2021,FUR-FU-10000550,Furniture,9.96
CA-2019-112823,10-12-2022,TEC-AC-10002550,Technology,25.488
US-2018-127635,14-09-2021,OFF-BI-10001721,Office Supplies,8.552
CA-2019-151470,20-09-2022,OFF-BI-10004040,Office Supplies,45.584
CA-2018-108861,28-05-2021,OFF-BI-10003876,Office Supplies,136.96
CA-2018-100328,28-01-2021,OFF-BI-10000343,Office Supplies,3.928
CA-2021-118773,09-02-2024,OFF-BI-10004584,Office Supplies,252.784
CA-2021-118773,09-02-2024,TEC-AC-10002402,Technology,127.984
CA-2021-118773,09-02-2024,FUR-FU-10000550,Furniture,3.984
CA-2021-118773,09-02-2024,OFF-AP-10000055,Office Supplies,12.992
CA-2020-112123,03-03-2023,OFF-BI-10001071,Office Supplies,447.86
CA-2020-112123,03-03-2023,TEC-PH-10001557,Technology,479.95
CA-2020-112123,03-03-2023,OFF-PA-10001977,Office Supplies,166.44
CA-2019-114468,23-08-2022,OFF-SU-10004231,Office Supplies,31.68
CA-2019-114468,23-08-2022,OFF-PA-10000809,Office Supplies,10.368
CA-2019-114468,23-08-2022,OFF-FA-10003021,Office Supplies,12.032
CA-2019-114468,23-08-2022,OFF-AP-10000696,Office Supplies,5.768
CA-2020-124562,08-12-2023,OFF-BI-10001267,Office Supplies,12.957
CA-2020-103037,25-07-2023,OFF-LA-10004345,Office Supplies,15.712
CA-2020-121671,17-07-2023,OFF-PA-10001471,Office Supplies,21.93
CA-2020-121671,17-07-2023,OFF-ST-10002344,Office Supplies,242.94
CA-2020-121671,17-07-2023,OFF-PA-10001892,Office Supplies,7.64
CA-2020-121671,17-07-2023,OFF-PA-10001934,Office Supplies,51.84
CA-2020-121671,17-07-2023,OFF-ST-10000078,Office Supplies,265.17
CA-2020-150350,23-08-2023,TEC-MA-10001972,Technology,837.6
CA-2020-150350,23-08-2023,OFF-PA-10002160,Office Supplies,34.68
CA-2019-121720,11-06-2022,TEC-PH-10002496,Technology,249.584
CA-2020-150350,23-08-2023,OFF-EN-10002504,Office Supplies,135.9
CA-2020-150350,23-08-2023,FUR-CH-10001973,Furniture,532.704
CA-2020-150350,23-08-2023,OFF-AP-10001492,Office Supplies,43.1
CA-2020-150350,23-08-2023,OFF-SU-10002189,Office Supplies,15.88
CA-2019-121720,11-06-2022,FUR-CH-10003312,Furniture,1123.92
CA-2019-121720,11-06-2022,FUR-FU-10003464,Furniture,48.672
CA-2019-121720,11-06-2022,OFF-AR-10000380,Office Supplies,60.768
CA-2019-121720,11-06-2022,OFF-BI-10004593,Office Supplies,78.6
CA-2019-121720,11-06-2022,OFF-BI-10001308,Office Supplies,3.768
CA-2019-121720,11-06-2022,OFF-ST-10001780,Office Supplies,1036.62
CA-2019-121720,11-06-2022,OFF-ST-10003816,Office Supplies,563.808
CA-2018-136399,16-12-2021,FUR-FU-10004090,Furniture,44.46
CA-2018-136399,16-12-2021,FUR-CH-10002602,Furniture,241.568
CA-2018-165428,01-09-2021,OFF-PA-10004100,Office Supplies,31.104
CA-2018-108189,02-10-2021,OFF-SU-10003567,Office Supplies,15.36
CA-2018-108189,02-10-2021,TEC-PH-10001557,Technology,230.376
CA-2018-136399,16-12-2021,TEC-AC-10001142,Technology,395
CA-2018-136399,16-12-2021,TEC-PH-10004977,Technology,627.168
CA-2018-107916,24-08-2021,FUR-FU-10004586,Furniture,13.28
CA-2018-107916,24-08-2021,OFF-BI-10001116,Office Supplies,12.672
CA-2018-165428,01-09-2021,OFF-BI-10002949,Office Supplies,3.648
CA-2019-112557,25-04-2022,OFF-AP-10002311,Office Supplies,206.43
US-2018-122959,12-12-2021,OFF-BI-10003650,Office Supplies,210.392
CA-2020-120558,07-06-2023,OFF-PA-10003441,Office Supplies,32.4
US-2018-109036,20-12-2021,OFF-LA-10002043,Office Supplies,31.05
CA-2019-147830,15-12-2022,TEC-PH-10004908,Technology,101.988
US-2020-148110,05-09-2023,FUR-CH-10002647,Furniture,347.802
CA-2021-131828,11-02-2024,FUR-CH-10004495,Furniture,963.136
CA-2021-131828,11-02-2024,TEC-PH-10002923,Technology,88.776
CA-2018-109218,30-06-2021,OFF-AR-10001374,Office Supplies,32.4
CA-2019-147830,15-12-2022,TEC-AC-10002049,Technology,2025.36
CA-2019-147830,15-12-2022,TEC-MA-10000418,Technology,1799.99
CA-2019-147830,15-12-2022,FUR-FU-10004091,Furniture,262.864
CA-2018-128986,03-08-2021,OFF-PA-10001289,Office Supplies,93.024
CA-2019-139584,24-08-2022,FUR-TA-10001539,Furniture,284.364
CA-2019-139584,24-08-2022,TEC-AC-10001266,Technology,26
US-2020-162677,26-03-2023,OFF-ST-10001291,Office Supplies,67.64
US-2020-162677,26-03-2023,TEC-AC-10001314,Technology,119.976
US-2018-150924,12-09-2021,OFF-BI-10004040,Office Supplies,5.18
CA-2018-153969,21-09-2021,OFF-EN-10001539,Office Supplies,15.56
CA-2019-104038,06-02-2022,OFF-ST-10002554,Office Supplies,146.73
CA-2019-104038,06-02-2022,OFF-PA-10002751,Office Supplies,29.9
CA-2020-143406,26-09-2023,FUR-CH-10000513,Furniture,454.965
CA-2018-153969,21-09-2021,OFF-EN-10004483,Office Supplies,78.35
CA-2018-153969,21-09-2021,OFF-AR-10001615,Office Supplies,59.52
CA-2018-153969,21-09-2021,OFF-PA-10000327,Office Supplies,38.52
CA-2018-153969,21-09-2021,TEC-PH-10001299,Technology,239.984
CA-2018-153969,21-09-2021,OFF-PA-10002246,Office Supplies,19.35
CA-2020-146682,29-10-2023,FUR-FU-10002671,Furniture,67
CA-2020-138695,28-05-2023,FUR-CH-10003833,Furniture,390.272
CA-2020-138695,28-05-2023,OFF-PA-10001667,Office Supplies,62.192
US-2020-133879,21-03-2023,OFF-BI-10004465,Office Supplies,3.168
US-2020-133879,21-03-2023,FUR-CH-10000665,Furniture,528.43
US-2020-133879,21-03-2023,OFF-AR-10004956,Office Supplies,13.392
CA-2018-123498,07-11-2021,OFF-EN-10004773,Office Supplies,74.352
CA-2018-123498,07-11-2021,OFF-BI-10000632,Office Supplies,26.046
CA-2021-159352,12-03-2024,TEC-PH-10004700,Technology,69.93
US-2019-163783,27-12-2022,OFF-ST-10002957,Office Supplies,12.672
CA-2020-169026,08-08-2023,OFF-FA-10001883,Office Supplies,23.34
CA-2020-131093,17-09-2023,OFF-ST-10002790,Office Supplies,295.4
CA-2019-135545,24-11-2022,OFF-PA-10003892,Office Supplies,146.73
CA-2019-149384,10-07-2022,OFF-BI-10003196,Office Supplies,3.366
CA-2018-131527,01-12-2021,TEC-PH-10001644,Technology,95.968
CA-2018-164224,18-05-2021,FUR-FU-10000308,Furniture,149.232
CA-2018-164224,18-05-2021,OFF-PA-10001526,Office Supplies,15.936
CA-2018-158372,10-11-2021,TEC-PH-10002103,Technology,601.536
CA-2018-158372,10-11-2021,TEC-AC-10004209,Technology,10.99
CA-2018-158372,10-11-2021,FUR-FU-10000397,Furniture,39.88
CA-2018-158372,10-11-2021,OFF-PA-10002137,Office Supplies,62.24
CA-2018-158372,10-11-2021,FUR-FU-10001867,Furniture,53.2
CA-2018-158372,10-11-2021,OFF-LA-10000407,Office Supplies,39.84
CA-2020-108882,09-01-2023,TEC-AC-10000420,Technology,349.95
CA-2020-108882,09-01-2023,TEC-PH-10002726,Technology,377.928
CA-2021-104220,30-01-2024,TEC-PH-10004614,Technology,207
CA-2018-108189,02-10-2021,OFF-FA-10000735,Office Supplies,4.672
CA-2018-108189,02-10-2021,TEC-PH-10001760,Technology,318.4
CA-2018-142314,23-12-2021,OFF-AP-10002350,Office Supplies,207.24
CA-2020-132409,26-05-2023,OFF-AR-10001919,Office Supplies,1.504
CA-2020-132409,26-05-2023,OFF-AP-10002082,Office Supplies,34.848
CA-2018-114433,13-05-2021,TEC-AC-10002800,Technology,149.97
US-2019-137008,02-10-2022,OFF-PA-10001295,Office Supplies,94.85
US-2019-137008,02-10-2022,OFF-EN-10002500,Office Supplies,51.12
US-2019-137008,02-10-2022,TEC-AC-10000892,Technology,90
CA-2018-108189,02-10-2021,OFF-PA-10001838,Office Supplies,9.408
CA-2018-108189,02-10-2021,OFF-EN-10004846,Office Supplies,12.768
CA-2018-108189,02-10-2021,TEC-AC-10003038,Technology,7.16
CA-2020-164511,19-11-2023,OFF-BI-10003305,Office Supplies,14.352
CA-2020-164511,19-11-2023,OFF-ST-10002583,Office Supplies,64.96
CA-2020-164511,19-11-2023,OFF-ST-10004507,Office Supplies,68.6
CA-2020-103730,12-06-2023,FUR-FU-10002157,Furniture,47.04
CA-2018-157784,05-07-2021,TEC-AC-10003911,Technology,479.97
CA-2018-157784,05-07-2021,OFF-LA-10001934,Office Supplies,14.62
CA-2018-157784,05-07-2021,OFF-PA-10000304,Office Supplies,19.44
US-2018-117135,21-06-2021,FUR-FU-10004071,Furniture,104.01
US-2018-117135,21-06-2021,TEC-PH-10002033,Technology,284.82
US-2018-117135,21-06-2021,OFF-ST-10002444,Office Supplies,36.84
CA-2019-131534,28-03-2022,TEC-AC-10002253,Technology,166.24
CA-2019-131534,28-03-2022,OFF-PA-10000743,Office Supplies,33.4
CA-2019-119291,14-05-2022,OFF-AR-10003373,Office Supplies,198.272
CA-2019-119291,14-05-2022,OFF-LA-10002312,Office Supplies,47.36
CA-2019-119291,14-05-2022,OFF-EN-10000927,Office Supplies,200.984
CA-2019-119291,14-05-2022,OFF-LA-10003510,Office Supplies,97.696
CA-2019-142027,09-04-2022,FUR-TA-10002774,Furniture,369.912
CA-2018-138527,12-09-2021,OFF-PA-10001800,Office Supplies,10.368
CA-2018-104472,02-06-2021,FUR-FU-10000246,Furniture,73.32
CA-2019-119291,14-05-2022,OFF-AR-10001118,Office Supplies,2.696
CA-2019-119291,14-05-2022,OFF-BI-10001575,Office Supplies,18.588
CA-2019-119291,14-05-2022,OFF-BI-10001982,Office Supplies,4.896
CA-2020-163755,04-11-2023,FUR-FU-10003394,Furniture,209.88
CA-2018-138527,12-09-2021,OFF-AP-10001469,Office Supplies,166.84
CA-2018-138527,12-09-2021,TEC-AC-10002399,Technology,15.216
CA-2018-112158,02-12-2021,TEC-AC-10003628,Technology,119.96
CA-2018-112158,02-12-2021,FUR-BO-10003272,Furniture,883.92
CA-2018-112158,02-12-2021,OFF-BI-10000050,Office Supplies,46.72
CA-2018-113887,05-04-2021,OFF-PA-10004071,Office Supplies,55.48
US-2020-150861,03-12-2023,OFF-PA-10001954,Office Supplies,182.72
US-2020-150861,03-12-2023,OFF-LA-10001317,Office Supplies,6.3
CA-2019-124653,24-12-2022,OFF-PA-10002365,Office Supplies,12.96
CA-2018-153150,01-07-2021,OFF-BI-10003355,Office Supplies,19.92
CA-2018-130092,11-01-2021,FUR-FU-10000010,Furniture,9.94
CA-2018-104472,02-06-2021,OFF-BI-10001658,Office Supplies,59.808
CA-2020-112942,13-02-2023,OFF-PA-10004092,Office Supplies,146.82
CA-2020-142335,15-12-2023,FUR-TA-10000198,Furniture,1652.94
CA-2020-142335,15-12-2023,OFF-ST-10000036,Office Supplies,296.37
CA-2018-117429,07-10-2021,FUR-FU-10000222,Furniture,129.92
CA-2020-114713,07-07-2023,OFF-SU-10004664,Office Supplies,45.584
US-2020-150861,03-12-2023,FUR-TA-10002228,Furniture,400.032
US-2020-150861,03-12-2023,OFF-ST-10004634,Office Supplies,33.63
US-2020-150861,03-12-2023,FUR-CH-10002965,Furniture,542.646
CA-2021-131954,21-01-2024,OFF-ST-10000736,Office Supplies,242.94
CA-2021-131954,21-01-2024,TEC-AC-10003610,Technology,179.97
CA-2021-131954,21-01-2024,OFF-BI-10003982,Office Supplies,99.696
CA-2021-131954,21-01-2024,OFF-BI-10003291,Office Supplies,27.936
CA-2021-131954,21-01-2024,FUR-BO-10001619,Furniture,84.98
CA-2021-131954,21-01-2024,OFF-BI-10000138,Office Supplies,18.72
CA-2018-132500,08-09-2021,TEC-AC-10001383,Technology,49.98
CA-2018-112326,04-01-2021,OFF-LA-10003223,Office Supplies,11.784
CA-2018-112326,04-01-2021,OFF-ST-10002743,Office Supplies,272.736
CA-2018-112326,04-01-2021,OFF-BI-10004094,Office Supplies,3.54
US-2020-146710,27-08-2023,OFF-SU-10004498,Office Supplies,51.52
US-2020-146710,27-08-2023,OFF-PA-10002615,Office Supplies,3.528
US-2020-146710,27-08-2023,OFF-PA-10004971,Office Supplies,4.624
US-2020-146710,27-08-2023,OFF-SU-10004261,Office Supplies,55.168
CA-2018-124429,27-05-2021,FUR-TA-10002607,Furniture,567.12
CA-2018-124429,27-05-2021,OFF-ST-10001809,Office Supplies,359.32
US-2018-148838,17-03-2021,OFF-PA-10000919,Office Supplies,155.04
CA-2019-112319,31-08-2022,OFF-PA-10003441,Office Supplies,58.32
CA-2020-150889,20-03-2023,TEC-PH-10000004,Technology,11.992
CA-2020-110499,07-04-2023,TEC-CO-10002095,Technology,1199.98
CA-2019-135272,07-12-2022,FUR-FU-10002759,Furniture,79.92
CA-2020-140928,18-09-2023,FUR-TA-10001095,Furniture,383.438
CA-2018-106803,29-12-2021,OFF-ST-10002444,Office Supplies,24.56
CA-2018-106803,29-12-2021,TEC-AC-10001267,Technology,119.8
CA-2019-114923,08-02-2022,TEC-PH-10003931,Technology,107.982
CA-2018-162775,13-01-2021,OFF-EN-10001990,Office Supplies,11.36
CA-2018-162775,13-01-2021,OFF-EN-10001532,Office Supplies,50.94
CA-2018-162775,13-01-2021,TEC-AC-10003174,Technology,646.74
CA-2018-162775,13-01-2021,OFF-BI-10004187,Office Supplies,5.64
CA-2018-162775,13-01-2021,OFF-ST-10000025,Office Supplies,572.58
CA-2018-106810,14-05-2021,FUR-FU-10004306,Furniture,310.88
CA-2020-157245,19-05-2023,FUR-CH-10003746,Furniture,641.96
CA-2021-104220,30-01-2024,OFF-BI-10001036,Office Supplies,18.28
CA-2021-104220,30-01-2024,OFF-BI-10000301,Office Supplies,32.35
CA-2021-104220,30-01-2024,OFF-BI-10003910,Office Supplies,7.71
CA-2021-104220,30-01-2024,OFF-AR-10004648,Office Supplies,40.3
CA-2021-104220,30-01-2024,FUR-FU-10002597,Furniture,34.58
CA-2018-165974,29-06-2021,OFF-AR-10003405,Office Supplies,32.76
CA-2019-144267,21-08-2022,FUR-CH-10002335,Furniture,544.008
CA-2019-144267,21-08-2022,OFF-PA-10000157,Office Supplies,59.94
CA-2019-144267,21-08-2022,OFF-PA-10001947,Office Supplies,23.92
CA-2019-144267,21-08-2022,OFF-PA-10003657,Office Supplies,4.28
US-2019-157014,03-10-2022,OFF-BI-10001098,Office Supplies,32.07
US-2019-157014,03-10-2022,TEC-AC-10002167,Technology,24
CA-2018-156433,20-09-2021,OFF-LA-10001569,Office Supplies,9.96
CA-2019-124653,24-12-2022,OFF-PA-10000176,Office Supplies,132.79
US-2019-157014,03-10-2022,FUR-BO-10004409,Furniture,35.49
US-2019-157014,03-10-2022,TEC-AC-10000057,Technology,47.984
CA-2019-154921,23-05-2022,OFF-EN-10000056,Office Supplies,186.69
CA-2019-154620,12-12-2022,FUR-CH-10004675,Furniture,348.928
CA-2019-115938,26-06-2022,OFF-BI-10001543,Office Supplies,143.96
CA-2019-115938,26-06-2022,OFF-ST-10001321,Office Supplies,15.42
CA-2019-115938,26-06-2022,OFF-BI-10001132,Office Supplies,43.04
CA-2019-115938,26-06-2022,FUR-CH-10003199,Furniture,332.94
CA-2020-105256,20-05-2023,TEC-PH-10001530,Technology,1363.96
CA-2018-156433,20-09-2021,OFF-PA-10003724,Office Supplies,21.72
CA-2019-124653,24-12-2022,OFF-LA-10002271,Office Supplies,21.56
CA-2019-101910,27-11-2022,FUR-CH-10002647,Furniture,283.92
CA-2021-105809,20-02-2024,FUR-FU-10004090,Furniture,22.23
CA-2021-105809,20-02-2024,TEC-PH-10001580,Technology,215.968
CA-2020-136133,18-08-2023,OFF-AP-10000576,Office Supplies,355.32
CA-2020-115504,12-03-2023,OFF-PA-10003953,Office Supplies,12.96
CA-2018-134313,01-11-2021,OFF-AR-10001897,Office Supplies,43.176
CA-2018-134313,01-11-2021,TEC-PH-10001795,Technology,1983.97
CA-2019-140921,03-02-2022,FUR-FU-10003347,Furniture,28.4
CA-2020-118052,06-05-2023,OFF-PA-10002581,Office Supplies,49.568
CA-2019-140921,03-02-2022,TEC-AC-10004901,Technology,149.97
CA-2018-151995,13-10-2021,OFF-AR-10003190,Office Supplies,11.52
CA-2018-151995,13-10-2021,FUR-TA-10002903,Furniture,1298.55
CA-2018-151995,13-10-2021,OFF-AP-10000240,Office Supplies,213.92
CA-2018-151995,13-10-2021,TEC-AC-10001101,Technology,25.78
CA-2019-106565,20-03-2022,OFF-PA-10000061,Office Supplies,51.84
CA-2020-149370,15-09-2023,OFF-PA-10003651,Office Supplies,5.344
CA-2018-140858,28-06-2021,OFF-PA-10000304,Office Supplies,41.472
CA-2018-140858,28-06-2021,OFF-PA-10003395,Office Supplies,335.52
CA-2018-140858,28-06-2021,OFF-BI-10003094,Office Supplies,3.168
CA-2018-140858,28-06-2021,FUR-CH-10001394,Furniture,1228.46
CA-2018-140858,28-06-2021,OFF-BI-10004230,Office Supplies,31.086
US-2018-102071,09-05-2021,TEC-AC-10003441,Technology,67.8
US-2018-102071,09-05-2021,TEC-AC-10000109,Technology,167.97
CA-2020-157280,05-11-2023,FUR-FU-10004665,Furniture,273.96
CA-2020-157280,05-11-2023,TEC-AC-10000057,Technology,89.97
CA-2020-157280,05-11-2023,FUR-FU-10003806,Furniture,756.8
CA-2020-134180,03-11-2023,TEC-AC-10000892,Technology,72
CA-2019-137071,20-12-2022,TEC-AC-10004353,Technology,100.8
CA-2020-134180,03-11-2023,FUR-CH-10004886,Furniture,470.155
CA-2018-166730,30-12-2021,OFF-ST-10002554,Office Supplies,39.128
US-2018-149034,19-11-2021,TEC-AC-10003023,Technology,47.496
CA-2018-119529,03-11-2021,OFF-BI-10000546,Office Supplies,5.76
CA-2019-150413,19-10-2022,OFF-BI-10000404,Office Supplies,1.72
CA-2018-108182,06-02-2021,OFF-BI-10001196,Office Supplies,8.952
CA-2020-110898,06-03-2023,OFF-AP-10001626,Office Supplies,2.334
CA-2020-110898,06-03-2023,OFF-BI-10004656,Office Supplies,1.728
CA-2019-123092,03-12-2022,OFF-AR-10004078,Office Supplies,9.344
CA-2018-109043,15-08-2021,OFF-PA-10000312,Office Supplies,91.36
CA-2019-102855,05-04-2022,OFF-AR-10002467,Office Supplies,23.84
CA-2020-110898,06-03-2023,FUR-FU-10003773,Furniture,159.04
CA-2020-110898,06-03-2023,FUR-TA-10000849,Furniture,145.98
CA-2019-123092,03-12-2022,FUR-FU-10000222,Furniture,77.952
CA-2019-123092,03-12-2022,OFF-BI-10001718,Office Supplies,95.97
CA-2019-123092,03-12-2022,TEC-PH-10001700,Technology,105.584
US-2019-128587,24-12-2022,FUR-FU-10003026,Furniture,9.68
US-2019-128587,24-12-2022,TEC-CO-10003763,Technology,4899.93
CA-2018-109043,15-08-2021,OFF-AP-10004708,Office Supplies,152.24
CA-2018-133389,22-06-2021,OFF-BI-10001553,Office Supplies,8.226
CA-2018-103807,02-12-2021,TEC-AC-10000199,Technology,5.95
CA-2018-103807,02-12-2021,OFF-PA-10002195,Office Supplies,15.24
CA-2019-102855,05-04-2022,TEC-AC-10001767,Technology,239.94
CA-2020-121447,21-02-2023,FUR-FU-10001861,Furniture,135.8
CA-2020-131639,17-12-2023,OFF-BI-10001636,Office Supplies,13.488
CA-2020-131639,17-12-2023,OFF-BI-10000948,Office Supplies,11.416
CA-2020-161361,26-03-2023,OFF-PA-10001838,Office Supplies,17.64
CA-2020-161361,26-03-2023,OFF-BI-10002215,Office Supplies,17.04
CA-2018-100706,16-12-2021,TEC-AC-10001314,Technology,99.98
CA-2018-100706,16-12-2021,FUR-FU-10002268,Furniture,29.46
CA-2019-129525,15-11-2022,OFF-BI-10002133,Office Supplies,166.92
US-2020-141880,22-08-2023,FUR-FU-10001979,Furniture,98.328
CA-2019-165799,29-06-2022,FUR-CH-10001482,Furniture,117.882
CA-2020-102127,26-06-2023,TEC-AC-10002018,Technology,20.97
CA-2020-102127,26-06-2023,TEC-AC-10000397,Technology,139.96
CA-2020-102127,26-06-2023,FUR-FU-10003976,Furniture,37.74
US-2020-152415,17-09-2023,FUR-FU-10002597,Furniture,14.82
US-2020-152415,17-09-2023,FUR-FU-10004864,Furniture,191.82
CA-2018-138198,18-07-2021,OFF-BI-10002103,Office Supplies,13.904
CA-2018-152268,02-09-2021,OFF-BI-10001359,Office Supplies,1793.98
CA-2019-166492,07-04-2022,OFF-PA-10002262,Office Supplies,25.92
CA-2018-141838,26-03-2021,OFF-AR-10004272,Office Supplies,3.36
CA-2019-148873,01-10-2022,OFF-BI-10003196,Office Supplies,2.992
CA-2019-148873,01-10-2022,TEC-AC-10003657,Technology,108.768
CA-2019-166492,07-04-2022,OFF-ST-10002214,Office Supplies,22.58
CA-2020-117121,17-12-2023,OFF-BI-10000545,Office Supplies,9892.74
CA-2018-138177,19-09-2021,FUR-TA-10004607,Furniture,73.915
CA-2018-114335,28-09-2021,FUR-FU-10000277,Furniture,337.088
CA-2019-168760,22-09-2022,OFF-AP-10004532,Office Supplies,61.44
CA-2020-168830,07-11-2023,TEC-AC-10003911,Technology,479.97
CA-2018-124513,21-09-2021,OFF-AR-10002956,Office Supplies,66.03
CA-2019-165554,18-05-2022,OFF-PA-10003724,Office Supplies,10.86
CA-2018-141838,26-03-2021,OFF-BI-10003291,Office Supplies,27.936
CA-2018-141838,26-03-2021,TEC-PH-10004100,Technology,28.784
CA-2019-128993,12-09-2022,TEC-AC-10004209,Technology,21.98
CA-2019-160227,02-11-2022,FUR-CH-10002073,Furniture,2621.32
CA-2019-149097,20-10-2022,FUR-FU-10003424,Furniture,74.76
CA-2019-149097,20-10-2022,FUR-TA-10001086,Furniture,364.776
CA-2020-132304,14-06-2023,FUR-TA-10004619,Furniture,1115.17
CA-2019-136420,20-11-2022,OFF-BI-10002854,Office Supplies,89.696
CA-2019-136420,20-11-2022,OFF-LA-10002762,Office Supplies,50.12
CA-2020-101623,28-02-2023,OFF-FA-10003495,Office Supplies,36.48
US-2018-151015,14-10-2021,OFF-PA-10002581,Office Supplies,322.192
US-2018-151015,14-10-2021,OFF-BI-10000343,Office Supplies,2.946
US-2018-151015,14-10-2021,OFF-PA-10001184,Office Supplies,19.136
CA-2020-150077,04-02-2023,TEC-PH-10002890,Technology,90.48
CA-2019-109470,31-12-2022,OFF-BI-10003707,Office Supplies,76.3
CA-2020-142524,04-09-2023,OFF-EN-10003286,Office Supplies,16.56
CA-2020-106278,02-09-2023,FUR-CH-10003061,Furniture,215.976
CA-2020-106278,02-09-2023,OFF-EN-10003567,Office Supplies,65.94
CA-2019-136105,12-06-2022,OFF-ST-10002444,Office Supplies,24.56
CA-2020-142524,04-09-2023,TEC-AC-10000109,Technology,279.95
CA-2018-136336,21-04-2021,OFF-ST-10002574,Office Supplies,828.84
US-2019-136259,05-11-2022,OFF-BI-10000773,Office Supplies,7.218
US-2019-136259,05-11-2022,OFF-SU-10004661,Office Supplies,27.2
US-2018-124625,03-11-2021,TEC-AC-10003280,Technology,89.97
CA-2020-108105,16-02-2023,FUR-FU-10003773,Furniture,318.08
CA-2020-108105,16-02-2023,OFF-BI-10002412,Office Supplies,5.8
CA-2020-126102,10-09-2023,OFF-BI-10004318,Office Supplies,276.784
CA-2020-143406,26-09-2023,OFF-AP-10001564,Office Supplies,93.032
CA-2019-150308,15-12-2022,TEC-PH-10001433,Technology,246.168
CA-2019-162950,28-06-2022,OFF-PA-10003177,Office Supplies,15.552
CA-2019-162950,28-06-2022,FUR-BO-10001918,Furniture,482.94
US-2019-132836,01-06-2022,TEC-PH-10001299,Technology,299.98
US-2019-132836,01-06-2022,OFF-BI-10004224,Office Supplies,403.68
US-2019-132836,01-06-2022,TEC-PH-10001300,Technology,41.9
US-2019-132836,01-06-2022,OFF-LA-10004178,Office Supplies,28.91
US-2018-158365,12-04-2021,OFF-PA-10000289,Office Supplies,32.4
CA-2019-163181,07-11-2022,OFF-AR-10001683,Office Supplies,23.64
CA-2019-163181,07-11-2022,OFF-ST-10001713,Office Supplies,84.784
CA-2019-163181,07-11-2022,FUR-FU-10000193,Furniture,64.96
CA-2019-163181,07-11-2022,OFF-BI-10000474,Office Supplies,32.06
US-2018-148838,17-03-2021,OFF-PA-10002960,Office Supplies,34.86
CA-2018-150518,19-11-2021,TEC-PH-10002103,Technology,281.97
CA-2020-107104,26-11-2023,OFF-AR-10004269,Office Supplies,37.17
CA-2019-163181,07-11-2022,OFF-ST-10000129,Office Supplies,177.648
CA-2018-104563,07-03-2021,FUR-CH-10002780,Furniture,436.704
CA-2018-104563,07-03-2021,FUR-CH-10004495,Furniture,481.568
CA-2018-150518,19-11-2021,OFF-ST-10000877,Office Supplies,221.16
CA-2020-107104,26-11-2023,FUR-BO-10002213,Furniture,3406.66
CA-2020-107104,26-11-2023,OFF-AP-10000055,Office Supplies,64.96
CA-2020-107104,26-11-2023,FUR-FU-10002937,Furniture,595.38
CA-2021-161893,23-01-2024,TEC-AC-10001874,Technology,95.984
CA-2021-161893,23-01-2024,OFF-BI-10004506,Office Supplies,4.938
CA-2018-156160,22-09-2021,FUR-FU-10001876,Furniture,97.44
CA-2018-156160,22-09-2021,OFF-BI-10003355,Office Supplies,3.984
CA-2018-156160,22-09-2021,OFF-AR-10003876,Office Supplies,13.04
CA-2018-156160,22-09-2021,FUR-CH-10004983,Furniture,579.528
CA-2018-100860,26-03-2021,OFF-LA-10001982,Office Supplies,18.75
CA-2020-160717,06-06-2023,TEC-PH-10001459,Technology,3023.93
CA-2020-160717,06-06-2023,TEC-AC-10002134,Technology,26.96
CA-2020-160717,06-06-2023,TEC-PH-10001760,Technology,477.6
US-2019-120957,07-12-2022,OFF-PA-10003953,Office Supplies,12.96
CA-2020-126270,23-04-2023,OFF-BI-10002764,Office Supplies,18.088
CA-2020-126270,23-04-2023,OFF-EN-10004386,Office Supplies,71.97
CA-2019-133396,13-08-2022,OFF-AR-10001446,Office Supplies,64.68
CA-2020-114867,23-12-2023,OFF-PA-10000477,Office Supplies,7.968
CA-2020-114867,23-12-2023,TEC-PH-10002645,Technology,1499.97
CA-2020-144785,18-04-2023,OFF-AR-10001573,Office Supplies,6.99
CA-2019-130113,27-12-2022,TEC-PH-10003505,Technology,668.16
US-2018-164644,22-07-2021,OFF-ST-10003123,Office Supplies,26.632
CA-2020-137393,06-05-2023,FUR-FU-10001617,Furniture,41.6
US-2018-120175,28-11-2021,OFF-EN-10003862,Office Supplies,64.02
CA-2020-144785,18-04-2023,OFF-SU-10004290,Office Supplies,6.84
CA-2019-130113,27-12-2022,OFF-ST-10000046,Office Supplies,323.1
CA-2021-118668,02-01-2024,TEC-AC-10000682,Technology,16.59
CA-2019-130183,13-11-2022,FUR-BO-10001811,Furniture,613.999
CA-2019-107902,28-08-2022,OFF-ST-10001837,Office Supplies,470.36
US-2020-151827,31-03-2023,TEC-PH-10002789,Technology,280.782
US-2021-120649,20-01-2024,OFF-AR-10001545,Office Supplies,3.52
US-2020-151260,11-12-2023,OFF-AP-10002892,Office Supplies,73.536
CA-2018-144281,10-06-2021,OFF-LA-10003930,Office Supplies,491.55
CA-2020-122511,11-03-2023,FUR-FU-10001037,Furniture,30.336
CA-2020-105291,30-10-2023,OFF-FA-10003059,Office Supplies,3.62
CA-2019-109470,31-12-2022,OFF-BI-10004492,Office Supplies,94.74
CA-2019-105102,15-09-2022,OFF-PA-10002365,Office Supplies,12.96
CA-2019-117828,23-12-2022,OFF-AP-10001563,Office Supplies,194.32
CA-2019-109470,31-12-2022,OFF-BI-10001072,Office Supplies,60.64
CA-2019-109470,31-12-2022,OFF-BI-10000977,Office Supplies,364.8
CA-2019-105102,15-09-2022,OFF-BI-10002082,Office Supplies,79.872
CA-2019-105102,15-09-2022,FUR-BO-10004709,Furniture,46.384
US-2019-147739,25-12-2022,FUR-FU-10001468,Furniture,547.136
CA-2020-155187,24-09-2023,OFF-ST-10000642,Office Supplies,41.96
CA-2020-155187,24-09-2023,OFF-PA-10000380,Office Supplies,41.7
CA-2018-140886,30-09-2021,OFF-AP-10000696,Office Supplies,69.216
CA-2019-145065,12-12-2022,OFF-FA-10001229,Office Supplies,7.86
US-2019-127040,06-12-2022,OFF-PA-10004255,Office Supplies,6.48
US-2019-127040,06-12-2022,OFF-PA-10001184,Office Supplies,41.86
CA-2018-110639,23-08-2021,OFF-PA-10003936,Office Supplies,25.92
CA-2018-110639,23-08-2021,OFF-PA-10004530,Office Supplies,45.92
CA-2018-121727,19-08-2021,OFF-AR-10004930,Office Supplies,10.72
CA-2020-137736,10-11-2023,OFF-AR-10004999,Office Supplies,41.86
US-2018-143231,31-12-2021,FUR-FU-10002501,Furniture,63.2
US-2018-143231,31-12-2021,TEC-AC-10000358,Technology,113.97
US-2018-155894,26-07-2021,OFF-ST-10004804,Office Supplies,123.552
CA-2020-119025,22-02-2023,OFF-AP-10001205,Office Supplies,490.32
CA-2020-159373,13-03-2023,OFF-PA-10000659,Office Supplies,70.08
CA-2020-159373,13-03-2023,OFF-BI-10004141,Office Supplies,1.272
CA-2020-159373,13-03-2023,FUR-TA-10004619,Furniture,557.585
CA-2020-118052,06-05-2023,OFF-FA-10004248,Office Supplies,7.216
CA-2020-118052,06-05-2023,FUR-FU-10004848,Furniture,54.712
CA-2019-111514,31-08-2022,FUR-BO-10002545,Furniture,1552.83
CA-2019-111514,31-08-2022,OFF-BI-10002735,Office Supplies,137.24
CA-2019-111514,31-08-2022,TEC-AC-10004864,Technology,36.51
CA-2019-111514,31-08-2022,TEC-MA-10000597,Technology,239.976
US-2018-148838,17-03-2021,FUR-TA-10003473,Furniture,1579.75
US-2018-148838,17-03-2021,FUR-TA-10001950,Furniture,1071.58
US-2018-148838,17-03-2021,FUR-TA-10004175,Furniture,613.908
US-2020-108637,13-03-2023,FUR-FU-10004864,Furniture,127.88
US-2020-108637,13-03-2023,OFF-AP-10004540,Office Supplies,160.32
US-2020-108637,13-03-2023,OFF-BI-10004965,Office Supplies,46
CA-2018-102295,24-11-2021,FUR-CH-10001714,Furniture,120.712
CA-2021-123659,10-02-2024,OFF-PA-10002464,Office Supplies,23.12
US-2020-129469,23-09-2023,FUR-FU-10002298,Furniture,532.704
US-2020-129469,23-09-2023,OFF-AR-10000315,Office Supplies,4.912
CA-2020-159940,07-07-2023,FUR-FU-10004973,Furniture,60.288
CA-2020-159940,07-07-2023,OFF-FA-10000936,Office Supplies,2.632
CA-2020-159940,07-07-2023,OFF-PA-10001609,Office Supplies,23.688
CA-2020-159940,07-07-2023,FUR-CH-10000785,Furniture,253.372
CA-2021-119669,24-01-2024,OFF-FA-10000053,Office Supplies,5.67
US-2018-164616,19-08-2021,OFF-BI-10001718,Office Supplies,76.776
US-2018-164616,19-08-2021,OFF-SU-10004768,Office Supplies,9.184
CA-2019-148628,06-12-2022,OFF-PA-10003883,Office Supplies,32.75
CA-2019-145065,12-12-2022,OFF-BI-10002437,Office Supplies,24.448
US-2019-127040,06-12-2022,TEC-AC-10002637,Technology,1619.91
US-2019-127040,06-12-2022,FUR-FU-10002878,Furniture,113.92
CA-2020-128111,17-03-2023,OFF-AR-10000588,Office Supplies,39.68
CA-2019-137897,14-11-2022,TEC-AC-10002217,Technology,37.6
CA-2020-138037,29-09-2023,OFF-BI-10002982,Office Supplies,27.24
CA-2018-150490,05-08-2021,TEC-AC-10004510,Technology,16.36
CA-2018-150490,05-08-2021,OFF-ST-10000321,Office Supplies,15.78
CA-2018-150490,05-08-2021,OFF-AR-10004602,Office Supplies,45.98
CA-2020-122017,29-12-2023,FUR-FU-10000672,Furniture,70.56
CA-2020-122017,29-12-2023,OFF-AP-10001293,Office Supplies,81.96
CA-2018-123477,18-01-2021,OFF-AP-10000692,Office Supplies,64.864
CA-2020-107790,20-11-2023,TEC-PH-10004539,Technology,151.192
CA-2019-118738,24-10-2022,OFF-PA-10003177,Office Supplies,15.552
CA-2019-118738,24-10-2022,FUR-TA-10002607,Furniture,347.361
CA-2019-118738,24-10-2022,OFF-PA-10001166,Office Supplies,10.368
CA-2018-125542,05-12-2021,OFF-EN-10000056,Office Supplies,348.488
CA-2018-125542,05-12-2021,OFF-ST-10001469,Office Supplies,172.736
CA-2020-136021,14-08-2023,OFF-PA-10000551,Office Supplies,15.54
CA-2020-136021,14-08-2023,TEC-MA-10000423,Technology,105.552
CA-2020-149195,05-09-2023,OFF-PA-10001870,Office Supplies,25.92
CA-2020-149195,05-09-2023,OFF-FA-10001843,Office Supplies,15.808
CA-2020-149195,05-09-2023,OFF-PA-10002036,Office Supplies,10.368
CA-2021-152786,12-03-2024,OFF-BI-10000829,Office Supplies,40.41
CA-2019-110877,23-10-2022,OFF-PA-10004621,Office Supplies,36.288
CA-2019-110877,23-10-2022,TEC-PH-10002103,Technology,150.384
CA-2021-164707,18-02-2024,TEC-PH-10001924,Technology,167.976
CA-2021-164707,18-02-2024,TEC-AC-10004864,Technology,109.53
CA-2021-164707,18-02-2024,OFF-LA-10004345,Office Supplies,9.82
US-2018-123183,19-11-2021,OFF-LA-10002787,Office Supplies,22.5
US-2018-123183,19-11-2021,OFF-LA-10001569,Office Supplies,9.96
US-2018-123183,19-11-2021,OFF-BI-10002429,Office Supplies,213.08
US-2018-123183,19-11-2021,FUR-BO-10000362,Furniture,1025.88
CA-2018-104829,18-11-2021,OFF-PA-10003016,Office Supplies,21.98
US-2020-147340,24-09-2023,FUR-FU-10002501,Furniture,63.2
CA-2020-145492,20-11-2023,OFF-AP-10003622,Office Supplies,39
CA-2020-163202,27-09-2023,OFF-BI-10002764,Office Supplies,2.907
CA-2020-117681,09-04-2023,FUR-BO-10001798,Furniture,556.665
US-2020-143280,22-02-2023,TEC-PH-10002398,Technology,445.96
CA-2018-132542,06-10-2021,OFF-BI-10004099,Office Supplies,15.36
US-2020-143280,22-02-2023,TEC-AC-10003399,Technology,36.24
US-2020-143280,22-02-2023,OFF-FA-10000992,Office Supplies,10.65
CA-2020-153157,11-09-2023,TEC-PH-10003171,Technology,224.75
US-2020-151827,31-03-2023,TEC-AC-10003289,Technology,31.984
US-2020-163258,29-12-2023,OFF-BI-10000138,Office Supplies,11.232
CA-2020-153598,03-12-2023,TEC-AC-10003870,Technology,1649.95
CA-2020-153598,03-12-2023,FUR-FU-10001085,Furniture,111.9
US-2020-108497,14-06-2023,FUR-BO-10004218,Furniture,599.165
CA-2020-113096,02-09-2023,OFF-ST-10003455,Office Supplies,46.53
CA-2018-136861,05-09-2021,FUR-FU-10001967,Furniture,31.984
CA-2019-160171,19-10-2022,OFF-AP-10000275,Office Supplies,1640.7
CA-2019-160171,19-10-2022,TEC-AC-10000892,Technology,270
CA-2018-103317,05-07-2021,FUR-FU-10001591,Furniture,19.52
CA-2018-103317,05-07-2021,OFF-BI-10001787,Office Supplies,9.81
CA-2018-103317,05-07-2021,FUR-FU-10003192,Furniture,213.216
CA-2020-167115,04-04-2023,OFF-BI-10004600,Office Supplies,588.784
CA-2019-148712,17-04-2022,OFF-AR-10000614,Office Supplies,10.71
CA-2019-148712,17-04-2022,TEC-AC-10003198,Technology,99.6
CA-2019-148712,17-04-2022,OFF-BI-10001900,Office Supplies,62.296
CA-2020-128307,25-07-2023,OFF-EN-10003040,Office Supplies,20.936
US-2020-127425,26-08-2023,TEC-PH-10003442,Technology,33
US-2020-127425,26-08-2023,TEC-AC-10002800,Technology,249.95
US-2018-119081,12-09-2021,OFF-SU-10000157,Office Supplies,357.93
US-2018-119081,12-09-2021,TEC-AC-10001542,Technology,57.4
US-2018-119081,12-09-2021,OFF-BI-10004519,Office Supplies,331.96
US-2018-119081,12-09-2021,FUR-FU-10003464,Furniture,40.56
CA-2020-140613,22-07-2023,OFF-SU-10004261,Office Supplies,86.2
CA-2018-107573,12-12-2021,OFF-EN-10001099,Office Supplies,23.472
CA-2018-105249,28-11-2021,OFF-SU-10001225,Office Supplies,7.36
US-2018-107405,21-03-2021,OFF-ST-10002301,Office Supplies,16.272
CA-2018-146591,19-01-2021,OFF-BI-10003676,Office Supplies,32.34
CA-2018-146591,19-01-2021,OFF-PA-10000659,Office Supplies,56.064
CA-2018-146591,19-01-2021,OFF-EN-10002504,Office Supplies,108.72
CA-2018-146591,19-01-2021,FUR-BO-10001972,Furniture,181.47
CA-2018-107706,14-02-2021,OFF-PA-10000466,Office Supplies,16.176
CA-2020-122448,09-06-2023,FUR-CH-10002774,Furniture,122.352
CA-2018-132451,26-09-2021,FUR-CH-10000454,Furniture,585.552
CA-2018-132451,26-09-2021,OFF-PA-10004888,Office Supplies,19.44
CA-2020-158547,30-05-2023,OFF-AP-10003842,Office Supplies,123.92
CA-2018-101770,31-03-2021,OFF-BI-10001097,Office Supplies,1.869
CA-2020-121356,20-11-2023,OFF-BI-10002133,Office Supplies,128.4
CA-2021-148999,30-01-2024,FUR-CH-10002044,Furniture,419.136
CA-2019-156608,24-10-2022,OFF-BI-10004140,Office Supplies,3.592
CA-2021-164098,26-01-2024,OFF-ST-10000615,Office Supplies,18.16
CA-2018-105249,28-11-2021,OFF-LA-10002043,Office Supplies,41.4
CA-2018-105249,28-11-2021,FUR-BO-10000330,Furniture,411.332
CA-2019-113523,04-09-2022,OFF-BI-10001249,Office Supplies,7.656
CA-2020-152156,08-11-2023,FUR-BO-10001798,Furniture,261.96
CA-2020-152156,08-11-2023,FUR-CH-10000454,Furniture,731.94
CA-2020-138688,12-06-2023,OFF-LA-10000240,Office Supplies,14.62
US-2019-108966,11-10-2022,FUR-TA-10000577,Furniture,957.577
US-2019-108966,11-10-2022,OFF-ST-10000760,Office Supplies,22.368
CA-2018-115812,09-06-2021,FUR-FU-10001487,Furniture,48.86
CA-2018-115812,09-06-2021,OFF-AR-10002833,Office Supplies,7.28
CA-2018-143336,27-08-2021,OFF-AR-10003056,Office Supplies,8.56
CA-2020-137330,09-12-2023,OFF-AR-10000246,Office Supplies,19.46
CA-2018-115812,09-06-2021,TEC-PH-10002275,Technology,907.152
CA-2018-115812,09-06-2021,OFF-BI-10003910,Office Supplies,18.504
CA-2018-115812,09-06-2021,OFF-AP-10002892,Office Supplies,114.9
CA-2018-115812,09-06-2021,FUR-TA-10001539,Furniture,1706.18
CA-2018-115812,09-06-2021,TEC-PH-10002033,Technology,911.424
CA-2020-161389,05-12-2023,OFF-BI-10003656,Office Supplies,407.976
US-2019-118983,22-11-2022,OFF-AP-10002311,Office Supplies,68.81
US-2019-118983,22-11-2022,OFF-BI-10000756,Office Supplies,2.544
CA-2018-105893,11-11-2021,OFF-ST-10004186,Office Supplies,665.88
CA-2018-167164,13-05-2021,OFF-ST-10000107,Office Supplies,55.5
CA-2018-143336,27-08-2021,TEC-PH-10001949,Technology,213.48
CA-2018-143336,27-08-2021,OFF-BI-10002215,Office Supplies,22.72
CA-2020-137330,09-12-2023,OFF-AP-10001492,Office Supplies,60.34
CA-2019-106320,25-09-2022,FUR-TA-10000577,Furniture,1044.63
CA-2020-121755,16-01-2023,OFF-BI-10001634,Office Supplies,11.648
CA-2020-121755,16-01-2023,TEC-AC-10003027,Technology,90.57
US-2019-150630,17-09-2022,FUR-BO-10004834,Furniture,3083.43
US-2019-150630,17-09-2022,OFF-BI-10000474,Office Supplies,9.618
US-2019-150630,17-09-2022,FUR-FU-10004848,Furniture,124.2
US-2019-150630,17-09-2022,OFF-EN-10001509,Office Supplies,3.264
US-2019-150630,17-09-2022,OFF-AR-10004042,Office Supplies,86.304
US-2019-150630,17-09-2022,OFF-BI-10001525,Office Supplies,6.858
US-2019-150630,17-09-2022,OFF-AR-10001683,Office Supplies,15.76
CA-2020-117590,08-12-2023,TEC-PH-10004977,Technology,1097.54
CA-2020-117590,08-12-2023,FUR-FU-10003664,Furniture,190.92
CA-2019-117415,27-12-2022,OFF-EN-10002986,Office Supplies,113.328
CA-2019-117415,27-12-2022,FUR-BO-10002545,Furniture,532.399
CA-2019-117415,27-12-2022,FUR-CH-10004218,Furniture,212.058
CA-2019-115742,18-04-2022,OFF-LA-10002762,Office Supplies,75.18
CA-2020-111682,17-06-2023,OFF-PA-10001569,Office Supplies,32.4
CA-2019-117415,27-12-2022,TEC-PH-10000486,Technology,371.168
CA-2020-101343,17-07-2023,OFF-ST-10003479,Office Supplies,77.88
CA-2020-118255,11-03-2023,TEC-AC-10000171,Technology,45.98
CA-2020-118255,11-03-2023,OFF-BI-10003291,Office Supplies,17.46
CA-2018-146703,20-10-2021,OFF-ST-10001713,Office Supplies,211.96
CA-2020-169194,20-06-2023,TEC-AC-10002167,Technology,45
CA-2020-169194,20-06-2023,TEC-PH-10003988,Technology,21.8
CA-2019-115742,18-04-2022,OFF-BI-10004410,Office Supplies,38.22
CA-2019-115742,18-04-2022,FUR-FU-10001706,Furniture,6.16
CA-2019-115742,18-04-2022,FUR-CH-10003061,Furniture,89.99
CA-2020-105816,11-12-2023,OFF-FA-10000304,Office Supplies,15.26
CA-2020-105816,11-12-2023,TEC-PH-10002447,Technology,1029.95
CA-2020-111682,17-06-2023,OFF-ST-10000604,Office Supplies,208.56
CA-2020-111682,17-06-2023,OFF-PA-10000587,Office Supplies,14.56
CA-2020-111682,17-06-2023,TEC-AC-10002167,Technology,30
CA-2019-135545,24-11-2022,TEC-AC-10004633,Technology,13.98
CA-2019-135545,24-11-2022,OFF-BI-10001078,Office Supplies,25.824
CA-2019-135545,24-11-2022,FUR-FU-10000397,Furniture,79.76
US-2019-164175,30-04-2022,FUR-CH-10001146,Furniture,213.115
CA-2018-106376,05-12-2021,OFF-AR-10002671,Office Supplies,1113.02
CA-2018-106376,05-12-2021,TEC-PH-10002726,Technology,167.968
CA-2020-119823,04-06-2023,OFF-PA-10000482,Office Supplies,75.88
CA-2020-106075,18-09-2023,OFF-BI-10004654,Office Supplies,4.616
US-2019-134026,26-04-2022,FUR-CH-10000513,Furniture,831.936
US-2019-134026,26-04-2022,FUR-FU-10003708,Furniture,97.04
US-2019-134026,26-04-2022,OFF-ST-10004123,Office Supplies,72.784
US-2018-147606,26-11-2021,FUR-FU-10003194,Furniture,19.3
CA-2020-127208,12-06-2023,OFF-AP-10002118,Office Supplies,208.16
CA-2020-127208,12-06-2023,OFF-BI-10002309,Office Supplies,16.74
CA-2018-139451,12-10-2021,OFF-AR-10002053,Office Supplies,14.9
CA-2018-139451,12-10-2021,OFF-ST-10002370,Office Supplies,21.39
CA-2019-149734,03-09-2022,OFF-EN-10000927,Office Supplies,200.984
CA-2020-159695,05-04-2023,OFF-ST-10003442,Office Supplies,158.368
CA-2020-109806,17-09-2023,OFF-AR-10004930,Office Supplies,20.1
CA-2020-109806,17-09-2023,TEC-PH-10004093,Technology,73.584
CA-2020-109806,17-09-2023,OFF-PA-10000304,Office Supplies,6.48
CA-2019-149587,31-01-2022,OFF-PA-10003177,Office Supplies,12.96
CA-2018-115259,25-08-2021,OFF-PA-10004965,Office Supplies,23.976
CA-2019-110457,02-03-2022,FUR-TA-10001768,Furniture,787.53
CA-2019-149587,31-01-2022,FUR-FU-10003799,Furniture,53.34
CA-2019-149587,31-01-2022,OFF-BI-10002852,Office Supplies,32.96
CA-2020-149223,06-09-2023,OFF-AP-10000358,Office Supplies,77.88
CA-2020-158568,29-08-2023,OFF-PA-10003256,Office Supplies,64.624
CA-2020-158568,29-08-2023,TEC-AC-10001767,Technology,95.976
CA-2020-158568,29-08-2023,OFF-BI-10002609,Office Supplies,1.788
CA-2020-129903,01-12-2023,OFF-PA-10004040,Office Supplies,23.92
US-2019-156867,13-11-2022,TEC-AC-10001552,Technology,238.896
US-2019-156867,13-11-2022,FUR-FU-10004006,Furniture,102.36
US-2019-156867,13-11-2022,OFF-BI-10002794,Office Supplies,36.882
CA-2019-129476,15-10-2022,TEC-AC-10000844,Technology,339.96
CA-2020-128867,03-11-2023,OFF-AR-10000380,Office Supplies,75.96
CA-2020-128867,03-11-2023,OFF-BI-10003981,Office Supplies,27.24
CA-2018-115259,25-08-2021,OFF-FA-10000621,Office Supplies,40.096
CA-2018-115259,25-08-2021,OFF-EN-10002600,Office Supplies,4.72
CA-2018-115259,25-08-2021,OFF-EN-10002504,Office Supplies,130.464
US-2019-136476,05-04-2022,OFF-BI-10003650,Office Supplies,157.794
